dataset,variant,seed,base_mse,variant_mse,mse_gain_pct,base_mae,variant_mae,mae_gain_pct,metric_path,base_metric_path,base_root
MHEALTH,real_gate,5301,0.7036152482032776,0.6967118978500366,0.9811257460478682,0.44446858763694763,0.439529150724411,1.1113129363758927,storage/results_BigData2026_v329_mechanism_controls/MHEALTH/MCORWrapper/v329_MHEALTH_tPatchGNN_ramstpatch_real_gate_e3_s5301/250_50/2026_0525_1959/iter0/eval_2026_0525_2003/metric.json,storage/results_BigData2026_v322_public_baselines_e4/MHEALTH/tPatchGNN/local_baselines_MHEALTH_tpatchgnn_e4_s5301/250_50/2026_0524_2109/iter0/eval_2026_0524_2113/metric.json,storage/results_BigData2026_v322_public_baselines_e4
MHEALTH,real_gate,5302,0.700092077255249,0.6937322020530701,0.9084341058555053,0.44334253668785095,0.43693530559539795,1.4452100942807147,storage/results_BigData2026_v329_mechanism_controls/MHEALTH/MCORWrapper/v329_MHEALTH_tPatchGNN_ramstpatch_real_gate_e3_s5302/250_50/2026_0525_2016/iter0/eval_2026_0525_2018/metric.json,storage/results_BigData2026_v322_public_baselines_e4/MHEALTH/tPatchGNN/local_baselines_MHEALTH_tpatchgnn_e4_s5302/250_50/2026_0524_2119/iter0/eval_2026_0524_2123/metric.json,storage/results_BigData2026_v322_public_baselines_e4
MHEALTH,real_gate,5303,0.7106972336769104,0.6954222321510315,2.1492980135649526,0.4520731270313263,0.4353958070278168,3.689075728306644,storage/results_BigData2026_v329_mechanism_controls/MHEALTH/MCORWrapper/v329_MHEALTH_tPatchGNN_ramstpatch_real_gate_e3_s5303/250_50/2026_0525_2031/iter0/eval_2026_0525_2033/metric.json,storage/results_BigData2026_v322_public_baselines_e4/MHEALTH/tPatchGNN/local_baselines_MHEALTH_tpatchgnn_e4_s5303/250_50/2026_0524_2130/iter0/eval_2026_0524_2133/metric.json,storage/results_BigData2026_v322_public_baselines_e4
MHEALTH,value_only_gate,5301,0.7036152482032776,0.6978684663772583,0.8167506091850665,0.44446858763694763,0.4402140974998474,0.9572082832038936,storage/results_BigData2026_v329_mechanism_controls/MHEALTH/MCORWrapper/v329_MHEALTH_tPatchGNN_ramstpatch_value_only_gate_e3_s5301/250_50/2026_0525_2004/iter0/eval_2026_0525_2007/metric.json,storage/results_BigData2026_v322_public_baselines_e4/MHEALTH/tPatchGNN/local_baselines_MHEALTH_tpatchgnn_e4_s5301/250_50/2026_0524_2109/iter0/eval_2026_0524_2113/metric.json,storage/results_BigData2026_v322_public_baselines_e4
MHEALTH,value_only_gate,5302,0.700092077255249,0.69487065076828,0.7458199652022767,0.44334253668785095,0.43758606910705566,1.2984243794428205,storage/results_BigData2026_v329_mechanism_controls/MHEALTH/MCORWrapper/v329_MHEALTH_tPatchGNN_ramstpatch_value_only_gate_e3_s5302/250_50/2026_0525_2019/iter0/eval_2026_0525_2022/metric.json,storage/results_BigData2026_v322_public_baselines_e4/MHEALTH/tPatchGNN/local_baselines_MHEALTH_tpatchgnn_e4_s5302/250_50/2026_0524_2119/iter0/eval_2026_0524_2123/metric.json,storage/results_BigData2026_v322_public_baselines_e4
MHEALTH,value_only_gate,5303,0.7106972336769104,0.6961678266525269,2.0443877274170945,0.4520731270313263,0.43546706438064575,3.6733133773576037,storage/results_BigData2026_v329_mechanism_controls/MHEALTH/MCORWrapper/v329_MHEALTH_tPatchGNN_ramstpatch_value_only_gate_e3_s5303/250_50/2026_0525_2034/iter0/eval_2026_0525_2037/metric.json,storage/results_BigData2026_v322_public_baselines_e4/MHEALTH/tPatchGNN/local_baselines_MHEALTH_tpatchgnn_e4_s5303/250_50/2026_0524_2130/iter0/eval_2026_0524_2133/metric.json,storage/results_BigData2026_v322_public_baselines_e4
MHEALTH,reliability_only_gate,5301,0.7036152482032776,0.6994022727012634,0.5987612566345368,0.44446858763694763,0.4400499165058136,0.9941470002697486,storage/results_BigData2026_v329_mechanism_controls/MHEALTH/MCORWrapper/v329_MHEALTH_tPatchGNN_ramstpatch_reliability_only_gate_e3_s5301/250_50/2026_0525_2008/iter0/eval_2026_0525_2011/metric.json,storage/results_BigData2026_v322_public_baselines_e4/MHEALTH/tPatchGNN/local_baselines_MHEALTH_tpatchgnn_e4_s5301/250_50/2026_0524_2109/iter0/eval_2026_0524_2113/metric.json,storage/results_BigData2026_v322_public_baselines_e4
MHEALTH,reliability_only_gate,5302,0.700092077255249,0.6980121731758118,0.29709007529290127,0.44334253668785095,0.440234512090683,0.7010436265348186,storage/results_BigData2026_v329_mechanism_controls/MHEALTH/MCORWrapper/v329_MHEALTH_tPatchGNN_ramstpatch_reliability_only_gate_e3_s5302/250_50/2026_0525_2023/iter0/eval_2026_0525_2026/metric.json,storage/results_BigData2026_v322_public_baselines_e4/MHEALTH/tPatchGNN/local_baselines_MHEALTH_tpatchgnn_e4_s5302/250_50/2026_0524_2119/iter0/eval_2026_0524_2123/metric.json,storage/results_BigData2026_v322_public_baselines_e4
MHEALTH,reliability_only_gate,5303,0.7106972336769104,0.6962565779685974,2.0318998054349886,0.4520731270313263,0.43487855792045593,3.803492860498843,storage/results_BigData2026_v329_mechanism_controls/MHEALTH/MCORWrapper/v329_MHEALTH_tPatchGNN_ramstpatch_reliability_only_gate_e3_s5303/250_50/2026_0525_2038/iter0/eval_2026_0525_2039/metric.json,storage/results_BigData2026_v322_public_baselines_e4/MHEALTH/tPatchGNN/local_baselines_MHEALTH_tpatchgnn_e4_s5303/250_50/2026_0524_2130/iter0/eval_2026_0524_2133/metric.json,storage/results_BigData2026_v322_public_baselines_e4
MHEALTH,shuffled_gate,5301,0.7036152482032776,0.6991365551948547,0.6365258598160649,0.44446858763694763,0.4395272433757782,1.11174206650699,storage/results_BigData2026_v329_mechanism_controls/MHEALTH/MCORWrapper/v329_MHEALTH_tPatchGNN_ramstpatch_shuffled_gate_e3_s5301/250_50/2026_0525_2012/iter0/eval_2026_0525_2015/metric.json,storage/results_BigData2026_v322_public_baselines_e4/MHEALTH/tPatchGNN/local_baselines_MHEALTH_tpatchgnn_e4_s5301/250_50/2026_0524_2109/iter0/eval_2026_0524_2113/metric.json,storage/results_BigData2026_v322_public_baselines_e4
MHEALTH,shuffled_gate,5302,0.700092077255249,0.6979129910469055,0.3112570873372454,0.44334253668785095,0.4399905204772949,0.756078186315815,storage/results_BigData2026_v329_mechanism_controls/MHEALTH/MCORWrapper/v329_MHEALTH_tPatchGNN_ramstpatch_shuffled_gate_e3_s5302/250_50/2026_0525_2027/iter0/eval_2026_0525_2030/metric.json,storage/results_BigData2026_v322_public_baselines_e4/MHEALTH/tPatchGNN/local_baselines_MHEALTH_tpatchgnn_e4_s5302/250_50/2026_0524_2119/iter0/eval_2026_0524_2123/metric.json,storage/results_BigData2026_v322_public_baselines_e4
MHEALTH,shuffled_gate,5303,0.7106972336769104,0.6963045001029968,2.025156830771716,0.4520731270313263,0.4351573884487152,3.7418146691649983,storage/results_BigData2026_v329_mechanism_controls/MHEALTH/MCORWrapper/v329_MHEALTH_tPatchGNN_ramstpatch_shuffled_gate_e3_s5303/250_50/2026_0525_2040/iter0/eval_2026_0525_2041/metric.json,storage/results_BigData2026_v322_public_baselines_e4/MHEALTH/tPatchGNN/local_baselines_MHEALTH_tpatchgnn_e4_s5303/250_50/2026_0524_2130/iter0/eval_2026_0524_2133/metric.json,storage/results_BigData2026_v322_public_baselines_e4
OPPORTUNITY,real_gate,5301,0.707112729549408,0.712702214717865,-0.7904659235902609,0.5762729048728943,0.5734431743621826,0.491040006702347,storage/results_BigData2026_v329_mechanism_controls/OPPORTUNITY/MCORWrapper/v329_OPPORTUNITY_tPatchGNN_ramstpatch_real_gate_e3_s5301/300_60/2026_0525_1959/iter0/eval_2026_0525_2002/metric.json,storage/results_BigData2026_v322_public_baselines_e4/OPPORTUNITY/tPatchGNN/local_baselines_OPPORTUNITY_tpatchgnn_e4_s5301/300_60/2026_0524_2137/iter0/eval_2026_0524_2138/metric.json,storage/results_BigData2026_v322_public_baselines_e4
OPPORTUNITY,real_gate,5302,0.7145020961761475,0.70382159948349,1.4948167052017143,0.5718290209770203,0.5719732046127319,-0.025214466286674203,storage/results_BigData2026_v329_mechanism_controls/OPPORTUNITY/MCORWrapper/v329_OPPORTUNITY_tPatchGNN_ramstpatch_real_gate_e3_s5302/300_60/2026_0525_2012/iter0/eval_2026_0525_2015/metric.json,storage/results_BigData2026_v322_public_baselines_e4/OPPORTUNITY/tPatchGNN/local_baselines_OPPORTUNITY_tpatchgnn_e4_s5302/300_60/2026_0524_2143/iter0/eval_2026_0524_2145/metric.json,storage/results_BigData2026_v322_public_baselines_e4
OPPORTUNITY,real_gate,5303,0.7221984267234802,0.7159364819526672,0.8670670745189258,0.5810291171073914,0.5800057053565979,0.1761377735918698,storage/results_BigData2026_v329_mechanism_controls/OPPORTUNITY/MCORWrapper/v329_OPPORTUNITY_tPatchGNN_ramstpatch_real_gate_e3_s5303/300_60/2026_0525_2025/iter0/eval_2026_0525_2027/metric.json,storage/results_BigData2026_v322_public_baselines_e4/OPPORTUNITY/tPatchGNN/local_baselines_OPPORTUNITY_tpatchgnn_e4_s5303/300_60/2026_0524_2150/iter0/eval_2026_0524_2151/metric.json,storage/results_BigData2026_v322_public_baselines_e4
OPPORTUNITY,value_only_gate,5301,0.707112729549408,0.7085292339324951,-0.20032228581004255,0.5762729048728943,0.5736022591590881,0.46343419779474165,storage/results_BigData2026_v329_mechanism_controls/OPPORTUNITY/MCORWrapper/v329_OPPORTUNITY_tPatchGNN_ramstpatch_value_only_gate_e3_s5301/300_60/2026_0525_2003/iter0/eval_2026_0525_2006/metric.json,storage/results_BigData2026_v322_public_baselines_e4/OPPORTUNITY/tPatchGNN/local_baselines_OPPORTUNITY_tpatchgnn_e4_s5301/300_60/2026_0524_2137/iter0/eval_2026_0524_2138/metric.json,storage/results_BigData2026_v322_public_baselines_e4
OPPORTUNITY,value_only_gate,5302,0.7145020961761475,0.7041794657707214,1.4447305978065554,0.5718290209770203,0.572873055934906,-0.18257816927547968,storage/results_BigData2026_v329_mechanism_controls/OPPORTUNITY/MCORWrapper/v329_OPPORTUNITY_tPatchGNN_ramstpatch_value_only_gate_e3_s5302/300_60/2026_0525_2015/iter0/eval_2026_0525_2018/metric.json,storage/results_BigData2026_v322_public_baselines_e4/OPPORTUNITY/tPatchGNN/local_baselines_OPPORTUNITY_tpatchgnn_e4_s5302/300_60/2026_0524_2143/iter0/eval_2026_0524_2145/metric.json,storage/results_BigData2026_v322_public_baselines_e4
OPPORTUNITY,value_only_gate,5303,0.7221984267234802,0.7156851887702942,0.9018626615867531,0.5810291171073914,0.5798503160476685,0.20288158114888813,storage/results_BigData2026_v329_mechanism_controls/OPPORTUNITY/MCORWrapper/v329_OPPORTUNITY_tPatchGNN_ramstpatch_value_only_gate_e3_s5303/300_60/2026_0525_2027/iter0/eval_2026_0525_2030/metric.json,storage/results_BigData2026_v322_public_baselines_e4/OPPORTUNITY/tPatchGNN/local_baselines_OPPORTUNITY_tpatchgnn_e4_s5303/300_60/2026_0524_2150/iter0/eval_2026_0524_2151/metric.json,storage/results_BigData2026_v322_public_baselines_e4
OPPORTUNITY,reliability_only_gate,5301,0.707112729549408,0.7061358690261841,0.13814777791461338,0.5762729048728943,0.5744308829307556,0.31964403090319815,storage/results_BigData2026_v329_mechanism_controls/OPPORTUNITY/MCORWrapper/v329_OPPORTUNITY_tPatchGNN_ramstpatch_reliability_only_gate_e3_s5301/300_60/2026_0525_2006/iter0/eval_2026_0525_2009/metric.json,storage/results_BigData2026_v322_public_baselines_e4/OPPORTUNITY/tPatchGNN/local_baselines_OPPORTUNITY_tpatchgnn_e4_s5301/300_60/2026_0524_2137/iter0/eval_2026_0524_2138/metric.json,storage/results_BigData2026_v322_public_baselines_e4
OPPORTUNITY,reliability_only_gate,5302,0.7145020961761475,0.7064364552497864,1.1288477625925184,0.5718290209770203,0.5717689394950867,0.010506896245129224,storage/results_BigData2026_v329_mechanism_controls/OPPORTUNITY/MCORWrapper/v329_OPPORTUNITY_tPatchGNN_ramstpatch_reliability_only_gate_e3_s5302/300_60/2026_0525_2019/iter0/eval_2026_0525_2021/metric.json,storage/results_BigData2026_v322_public_baselines_e4/OPPORTUNITY/tPatchGNN/local_baselines_OPPORTUNITY_tpatchgnn_e4_s5302/300_60/2026_0524_2143/iter0/eval_2026_0524_2145/metric.json,storage/results_BigData2026_v322_public_baselines_e4
OPPORTUNITY,reliability_only_gate,5303,0.7221984267234802,0.7183441519737244,0.5336863951978128,0.5810291171073914,0.5839006304740906,-0.4942116121468794,storage/results_BigData2026_v329_mechanism_controls/OPPORTUNITY/MCORWrapper/v329_OPPORTUNITY_tPatchGNN_ramstpatch_reliability_only_gate_e3_s5303/300_60/2026_0525_2031/iter0/eval_2026_0525_2033/metric.json,storage/results_BigData2026_v322_public_baselines_e4/OPPORTUNITY/tPatchGNN/local_baselines_OPPORTUNITY_tpatchgnn_e4_s5303/300_60/2026_0524_2150/iter0/eval_2026_0524_2151/metric.json,storage/results_BigData2026_v322_public_baselines_e4
OPPORTUNITY,shuffled_gate,5301,0.707112729549408,0.7061671018600464,0.13373082534720493,0.5762729048728943,0.5744711756706238,0.31265207630539327,storage/results_BigData2026_v329_mechanism_controls/OPPORTUNITY/MCORWrapper/v329_OPPORTUNITY_tPatchGNN_ramstpatch_shuffled_gate_e3_s5301/300_60/2026_0525_2009/iter0/eval_2026_0525_2012/metric.json,storage/results_BigData2026_v322_public_baselines_e4/OPPORTUNITY/tPatchGNN/local_baselines_OPPORTUNITY_tpatchgnn_e4_s5301/300_60/2026_0524_2137/iter0/eval_2026_0524_2138/metric.json,storage/results_BigData2026_v322_public_baselines_e4
OPPORTUNITY,shuffled_gate,5302,0.7145020961761475,0.706494152545929,1.1207725873829057,0.5718290209770203,0.5717847943305969,0.007734243069331235,storage/results_BigData2026_v329_mechanism_controls/OPPORTUNITY/MCORWrapper/v329_OPPORTUNITY_tPatchGNN_ramstpatch_shuffled_gate_e3_s5302/300_60/2026_0525_2022/iter0/eval_2026_0525_2024/metric.json,storage/results_BigData2026_v322_public_baselines_e4/OPPORTUNITY/tPatchGNN/local_baselines_OPPORTUNITY_tpatchgnn_e4_s5302/300_60/2026_0524_2143/iter0/eval_2026_0524_2145/metric.json,storage/results_BigData2026_v322_public_baselines_e4
OPPORTUNITY,shuffled_gate,5303,0.7221984267234802,0.7183479070663452,0.5331664421652528,0.5810291171073914,0.5839409828186035,-0.5011565901737691,storage/results_BigData2026_v329_mechanism_controls/OPPORTUNITY/MCORWrapper/v329_OPPORTUNITY_tPatchGNN_ramstpatch_shuffled_gate_e3_s5303/300_60/2026_0525_2034/iter0/eval_2026_0525_2036/metric.json,storage/results_BigData2026_v322_public_baselines_e4/OPPORTUNITY/tPatchGNN/local_baselines_OPPORTUNITY_tpatchgnn_e4_s5303/300_60/2026_0524_2150/iter0/eval_2026_0524_2151/metric.json,storage/results_BigData2026_v322_public_baselines_e4
PAMAP2,real_gate,5301,0.7567638158798218,0.7535095810890198,0.4300198717903278,0.4671899974346161,0.4617771506309509,1.1585964668309698,storage/results_BigData2026_v329_mechanism_controls/PAMAP2/MCORWrapper/v329_PAMAP2_tPatchGNN_ramstpatch_real_gate_e3_s5301/500_100/2026_0525_1959/iter0/eval_2026_0525_2003/metric.json,storage/results_BigData2026_v322_public_baselines_e4/PAMAP2/tPatchGNN/local_baselines_PAMAP2_tpatchgnn_e4_s5301/500_100/2026_0524_2156/iter0/eval_2026_0524_2158/metric.json,storage/results_BigData2026_v322_public_baselines_e4
PAMAP2,real_gate,5302,0.7651970386505127,0.7539029121398926,1.4759762440453545,0.4854542315006256,0.4618435502052307,4.863626633227621,storage/results_BigData2026_v329_mechanism_controls/PAMAP2/MCORWrapper/v329_PAMAP2_tPatchGNN_ramstpatch_real_gate_e3_s5302/500_100/2026_0525_2014/iter0/eval_2026_0525_2016/metric.json,storage/results_BigData2026_v322_public_baselines_e4/PAMAP2/tPatchGNN/local_baselines_PAMAP2_tpatchgnn_e4_s5302/500_100/2026_0524_2201/iter0/eval_2026_0524_2203/metric.json,storage/results_BigData2026_v322_public_baselines_e4
PAMAP2,real_gate,5303,0.7531895637512207,0.7521173357963562,0.14235831276316782,0.461047887802124,0.45905381441116333,0.4325089526961513,storage/results_BigData2026_v329_mechanism_controls/PAMAP2/MCORWrapper/v329_PAMAP2_tPatchGNN_ramstpatch_real_gate_e3_s5303/500_100/2026_0525_2027/iter0/eval_2026_0525_2029/metric.json,storage/results_BigData2026_v322_public_baselines_e4/PAMAP2/tPatchGNN/local_baselines_PAMAP2_tpatchgnn_e4_s5303/500_100/2026_0524_2203/iter0/eval_2026_0524_2205/metric.json,storage/results_BigData2026_v322_public_baselines_e4
PAMAP2,value_only_gate,5301,0.7567638158798218,0.7532639503479004,0.4624779169511964,0.4671899974346161,0.4614201784133911,1.2350048273523815,storage/results_BigData2026_v329_mechanism_controls/PAMAP2/MCORWrapper/v329_PAMAP2_tPatchGNN_ramstpatch_value_only_gate_e3_s5301/500_100/2026_0525_2003/iter0/eval_2026_0525_2007/metric.json,storage/results_BigData2026_v322_public_baselines_e4/PAMAP2/tPatchGNN/local_baselines_PAMAP2_tpatchgnn_e4_s5301/500_100/2026_0524_2156/iter0/eval_2026_0524_2158/metric.json,storage/results_BigData2026_v322_public_baselines_e4
PAMAP2,value_only_gate,5302,0.7651970386505127,0.7546467185020447,1.3787716908934158,0.4854542315006256,0.46208304166793823,4.814293153948388,storage/results_BigData2026_v329_mechanism_controls/PAMAP2/MCORWrapper/v329_PAMAP2_tPatchGNN_ramstpatch_value_only_gate_e3_s5302/500_100/2026_0525_2017/iter0/eval_2026_0525_2019/metric.json,storage/results_BigData2026_v322_public_baselines_e4/PAMAP2/tPatchGNN/local_baselines_PAMAP2_tpatchgnn_e4_s5302/500_100/2026_0524_2201/iter0/eval_2026_0524_2203/metric.json,storage/results_BigData2026_v322_public_baselines_e4
PAMAP2,value_only_gate,5303,0.7531895637512207,0.7522884607315063,0.11963827741139424,0.461047887802124,0.4589915871620178,0.44600586934881253,storage/results_BigData2026_v329_mechanism_controls/PAMAP2/MCORWrapper/v329_PAMAP2_tPatchGNN_ramstpatch_value_only_gate_e3_s5303/500_100/2026_0525_2030/iter0/eval_2026_0525_2033/metric.json,storage/results_BigData2026_v322_public_baselines_e4/PAMAP2/tPatchGNN/local_baselines_PAMAP2_tpatchgnn_e4_s5303/500_100/2026_0524_2203/iter0/eval_2026_0524_2205/metric.json,storage/results_BigData2026_v322_public_baselines_e4
PAMAP2,reliability_only_gate,5301,0.7567638158798218,0.754985511302948,0.23498805565991593,0.4671899974346161,0.46557945013046265,0.3447306905107361,storage/results_BigData2026_v329_mechanism_controls/PAMAP2/MCORWrapper/v329_PAMAP2_tPatchGNN_ramstpatch_reliability_only_gate_e3_s5301/500_100/2026_0525_2007/iter0/eval_2026_0525_2010/metric.json,storage/results_BigData2026_v322_public_baselines_e4/PAMAP2/tPatchGNN/local_baselines_PAMAP2_tpatchgnn_e4_s5301/500_100/2026_0524_2156/iter0/eval_2026_0524_2158/metric.json,storage/results_BigData2026_v322_public_baselines_e4
PAMAP2,reliability_only_gate,5302,0.7651970386505127,0.7573739886283875,1.022357592486483,0.4854542315006256,0.4679478406906128,3.6061877050484124,storage/results_BigData2026_v329_mechanism_controls/PAMAP2/MCORWrapper/v329_PAMAP2_tPatchGNN_ramstpatch_reliability_only_gate_e3_s5302/500_100/2026_0525_2020/iter0/eval_2026_0525_2023/metric.json,storage/results_BigData2026_v322_public_baselines_e4/PAMAP2/tPatchGNN/local_baselines_PAMAP2_tpatchgnn_e4_s5302/500_100/2026_0524_2201/iter0/eval_2026_0524_2203/metric.json,storage/results_BigData2026_v322_public_baselines_e4
PAMAP2,reliability_only_gate,5303,0.7531895637512207,0.752837061882019,0.04680121528052557,0.461047887802124,0.45958927273750305,0.31636953626973147,storage/results_BigData2026_v329_mechanism_controls/PAMAP2/MCORWrapper/v329_PAMAP2_tPatchGNN_ramstpatch_reliability_only_gate_e3_s5303/500_100/2026_0525_2033/iter0/eval_2026_0525_2036/metric.json,storage/results_BigData2026_v322_public_baselines_e4/PAMAP2/tPatchGNN/local_baselines_PAMAP2_tpatchgnn_e4_s5303/500_100/2026_0524_2203/iter0/eval_2026_0524_2205/metric.json,storage/results_BigData2026_v322_public_baselines_e4
PAMAP2,shuffled_gate,5301,0.7567638158798218,0.7552378177642822,0.20164786998509024,0.4671899974346161,0.4662202298641205,0.20757455763622717,storage/results_BigData2026_v329_mechanism_controls/PAMAP2/MCORWrapper/v329_PAMAP2_tPatchGNN_ramstpatch_shuffled_gate_e3_s5301/500_100/2026_0525_2011/iter0/eval_2026_0525_2013/metric.json,storage/results_BigData2026_v322_public_baselines_e4/PAMAP2/tPatchGNN/local_baselines_PAMAP2_tpatchgnn_e4_s5301/500_100/2026_0524_2156/iter0/eval_2026_0524_2158/metric.json,storage/results_BigData2026_v322_public_baselines_e4
PAMAP2,shuffled_gate,5302,0.7651970386505127,0.7572400569915771,1.0398604878252447,0.4854542315006256,0.46774330735206604,3.648320067952018,storage/results_BigData2026_v329_mechanism_controls/PAMAP2/MCORWrapper/v329_PAMAP2_tPatchGNN_ramstpatch_shuffled_gate_e3_s5302/500_100/2026_0525_2023/iter0/eval_2026_0525_2026/metric.json,storage/results_BigData2026_v322_public_baselines_e4/PAMAP2/tPatchGNN/local_baselines_PAMAP2_tpatchgnn_e4_s5302/500_100/2026_0524_2201/iter0/eval_2026_0524_2203/metric.json,storage/results_BigData2026_v322_public_baselines_e4
PAMAP2,shuffled_gate,5303,0.7531895637512207,0.7529351711273193,0.03377537822409251,0.461047887802124,0.45964449644088745,0.30439166914454885,storage/results_BigData2026_v329_mechanism_controls/PAMAP2/MCORWrapper/v329_PAMAP2_tPatchGNN_ramstpatch_shuffled_gate_e3_s5303/500_100/2026_0525_2036/iter0/eval_2026_0525_2038/metric.json,storage/results_BigData2026_v322_public_baselines_e4/PAMAP2/tPatchGNN/local_baselines_PAMAP2_tpatchgnn_e4_s5303/500_100/2026_0524_2203/iter0/eval_2026_0524_2205/metric.json,storage/results_BigData2026_v322_public_baselines_e4
