MAE,MAE_gain_pct,MSE,MSE_gain_pct,base_MAE,base_MSE,base_root,dataset,model_id,seed,status,variant
0.44029808044433594,0.9383131471190181,0.6992889046669006,0.614873476296104,0.44446858763694763,0.7036152482032776,/root/autodl-tmp/APN/storage/results_BigData2026_v322_public_baselines_e4,MHEALTH,v322abl_MHEALTH_tPatchGNN_ramstpatch_local_e3_s5301,5301,done,local
0.4368344247341156,1.4679647033998882,0.6949348449707031,0.7366505709884794,0.44334253668785095,0.700092077255249,/root/autodl-tmp/APN/storage/results_BigData2026_v322_public_baselines_e4,MHEALTH,v322abl_MHEALTH_tPatchGNN_ramstpatch_local_e3_s5302,5302,done,local
0.43515637516975403,3.7420388096636463,0.6968258619308472,1.9517976275632005,0.4520731270313263,0.7106972336769104,/root/autodl-tmp/APN/storage/results_BigData2026_v322_public_baselines_e4,MHEALTH,v322abl_MHEALTH_tPatchGNN_ramstpatch_local_e3_s5303,5303,done,local
0.43922317028045654,1.1801547966255084,0.6979843378067017,0.8002825991839695,0.44446858763694763,0.7036152482032776,/root/autodl-tmp/APN/storage/results_BigData2026_v322_public_baselines_e4,MHEALTH,v322abl_MHEALTH_tPatchGNN_ramstpatch_integral_e3_s5301,5301,done,integral
0.4366355836391449,1.5128151471349325,0.6945967674255371,0.7849410110819408,0.44334253668785095,0.700092077255249,/root/autodl-tmp/APN/storage/results_BigData2026_v322_public_baselines_e4,MHEALTH,v322abl_MHEALTH_tPatchGNN_ramstpatch_integral_e3_s5302,5302,done,integral
0.4349929094314575,3.778197945989655,0.6960901021957397,2.0553240942838946,0.4520731270313263,0.7106972336769104,/root/autodl-tmp/APN/storage/results_BigData2026_v322_public_baselines_e4,MHEALTH,v322abl_MHEALTH_tPatchGNN_ramstpatch_integral_e3_s5303,5303,done,integral
0.439332515001297,1.1555535708286993,0.6981315016746521,0.779367209938749,0.44446858763694763,0.7036152482032776,/root/autodl-tmp/APN/storage/results_BigData2026_v322_public_baselines_e4,MHEALTH,v322abl_MHEALTH_tPatchGNN_ramstpatch_mix_e3_s5301,5301,done,mix
0.43665072321891785,1.5094002752198543,0.6946199536323547,0.7816291314634013,0.44334253668785095,0.700092077255249,/root/autodl-tmp/APN/storage/results_BigData2026_v322_public_baselines_e4,MHEALTH,v322abl_MHEALTH_tPatchGNN_ramstpatch_mix_e3_s5302,5302,done,mix
0.43481338024139404,3.817910368455996,0.6960244178771973,2.0645663307004702,0.4520731270313263,0.7106972336769104,/root/autodl-tmp/APN/storage/results_BigData2026_v322_public_baselines_e4,MHEALTH,v322abl_MHEALTH_tPatchGNN_ramstpatch_mix_e3_s5303,5303,done,mix
0.439529150724411,1.1113129363758927,0.6967118978500366,0.9811257460478682,0.44446858763694763,0.7036152482032776,/root/autodl-tmp/APN/storage/results_BigData2026_v322_public_baselines_e4,MHEALTH,v322abl_MHEALTH_tPatchGNN_ramstpatch_gate_e3_s5301,5301,done,gate
0.43693748116493225,1.4447193744976423,0.6937323212623596,0.9084170781967982,0.44334253668785095,0.700092077255249,/root/autodl-tmp/APN/storage/results_BigData2026_v322_public_baselines_e4,MHEALTH,v322abl_MHEALTH_tPatchGNN_ramstpatch_gate_e3_s5302,5302,done,gate
0.4353952705860138,3.6891943909235754,0.6954240202903748,2.1490464100327413,0.4520731270313263,0.7106972336769104,/root/autodl-tmp/APN/storage/results_BigData2026_v322_public_baselines_e4,MHEALTH,v322abl_MHEALTH_tPatchGNN_ramstpatch_gate_e3_s5303,5303,done,gate
0.439922034740448,1.022918834528159,0.6978892683982849,0.8137941608875444,0.44446858763694763,0.7036152482032776,/root/autodl-tmp/APN/storage/results_BigData2026_v322_public_baselines_e4,MHEALTH,v322abl_MHEALTH_tPatchGNN_ramstpatch_safe_gate_e3_s5301,5301,done,safe_gate
0.43700623512268066,1.4292112849147967,0.6936522126197815,0.9198596648479992,0.44334253668785095,0.700092077255249,/root/autodl-tmp/APN/storage/results_BigData2026_v322_public_baselines_e4,MHEALTH,v322abl_MHEALTH_tPatchGNN_ramstpatch_safe_gate_e3_s5302,5302,done,safe_gate
0.4352281093597412,3.726170980832889,0.6954168081283569,2.150061210945995,0.4520731270313263,0.7106972336769104,/root/autodl-tmp/APN/storage/results_BigData2026_v322_public_baselines_e4,MHEALTH,v322abl_MHEALTH_tPatchGNN_ramstpatch_safe_gate_e3_s5303,5303,done,safe_gate
0.5749298334121704,0.23306170555079483,0.7060710787773132,0.14731042570234815,0.5762729048728943,0.707112729549408,/root/autodl-tmp/APN/storage/results_BigData2026_v322_public_baselines_e4,OPPORTUNITY,v322abl_OPPORTUNITY_tPatchGNN_ramstpatch_local_e3_s5301,5301,done,local
0.572286069393158,-0.07992746072187588,0.7062311768531799,1.1575780347225861,0.5718290209770203,0.7145020961761475,/root/autodl-tmp/APN/storage/results_BigData2026_v322_public_baselines_e4,OPPORTUNITY,v322abl_OPPORTUNITY_tPatchGNN_ramstpatch_local_e3_s5302,5302,done,local
0.5801637768745422,0.1489323352945117,0.7152186632156372,0.9664606359652833,0.5810291171073914,0.7221984267234802,/root/autodl-tmp/APN/storage/results_BigData2026_v322_public_baselines_e4,OPPORTUNITY,v322abl_OPPORTUNITY_tPatchGNN_ramstpatch_local_e3_s5303,5303,done,local
0.5749170780181885,0.23527513496489283,0.7061107754707336,0.14169651270636716,0.5762729048728943,0.707112729549408,/root/autodl-tmp/APN/storage/results_BigData2026_v322_public_baselines_e4,OPPORTUNITY,v322abl_OPPORTUNITY_tPatchGNN_ramstpatch_integral_e3_s5301,5301,done,integral
0.5720568299293518,-0.03983864826278165,0.7061855792999268,1.163959758932662,0.5718290209770203,0.7145020961761475,/root/autodl-tmp/APN/storage/results_BigData2026_v322_public_baselines_e4,OPPORTUNITY,v322abl_OPPORTUNITY_tPatchGNN_ramstpatch_integral_e3_s5302,5302,done,integral
0.5799049139022827,0.19348483096774935,0.7151440382003784,0.9767936708345717,0.5810291171073914,0.7221984267234802,/root/autodl-tmp/APN/storage/results_BigData2026_v322_public_baselines_e4,OPPORTUNITY,v322abl_OPPORTUNITY_tPatchGNN_ramstpatch_integral_e3_s5303,5303,done,integral
0.5748830437660217,0.24118106111185525,0.7060663104057312,0.14798476960576928,0.5762729048728943,0.707112729549408,/root/autodl-tmp/APN/storage/results_BigData2026_v322_public_baselines_e4,OPPORTUNITY,v322abl_OPPORTUNITY_tPatchGNN_ramstpatch_mix_e3_s5301,5301,done,mix
0.5723514556884766,-0.09136204919499767,0.7061758041381836,1.165327867129332,0.5718290209770203,0.7145020961761475,/root/autodl-tmp/APN/storage/results_BigData2026_v322_public_baselines_e4,OPPORTUNITY,v322abl_OPPORTUNITY_tPatchGNN_ramstpatch_mix_e3_s5302,5302,done,mix
0.5800026655197144,0.17666095509758822,0.7159843444824219,0.8604397366594702,0.5810291171073914,0.7221984267234802,/root/autodl-tmp/APN/storage/results_BigData2026_v322_public_baselines_e4,OPPORTUNITY,v322abl_OPPORTUNITY_tPatchGNN_ramstpatch_mix_e3_s5303,5303,done,mix
0.5734431743621826,0.491040006702347,0.712702214717865,-0.7904659235902609,0.5762729048728943,0.707112729549408,/root/autodl-tmp/APN/storage/results_BigData2026_v322_public_baselines_e4,OPPORTUNITY,v322abl_OPPORTUNITY_tPatchGNN_ramstpatch_gate_e3_s5301,5301,done,gate
0.5719732046127319,-0.025214466286674203,0.70382159948349,1.4948167052017143,0.5718290209770203,0.7145020961761475,/root/autodl-tmp/APN/storage/results_BigData2026_v322_public_baselines_e4,OPPORTUNITY,v322abl_OPPORTUNITY_tPatchGNN_ramstpatch_gate_e3_s5302,5302,done,gate
0.5800057649612427,0.17612751513097336,0.7159363627433777,0.867083580964404,0.5810291171073914,0.7221984267234802,/root/autodl-tmp/APN/storage/results_BigData2026_v322_public_baselines_e4,OPPORTUNITY,v322abl_OPPORTUNITY_tPatchGNN_ramstpatch_gate_e3_s5303,5303,done,gate
0.5737624764442444,0.43563186945317434,0.7144394516944885,-1.0361462662041678,0.5762729048728943,0.707112729549408,/root/autodl-tmp/APN/storage/results_BigData2026_v322_public_baselines_e4,OPPORTUNITY,v322abl_OPPORTUNITY_tPatchGNN_ramstpatch_safe_gate_e3_s5301,5301,done,safe_gate
0.5720539689064026,-0.039338319870156443,0.7037666440010071,1.502508142746407,0.5718290209770203,0.7145020961761475,/root/autodl-tmp/APN/storage/results_BigData2026_v322_public_baselines_e4,OPPORTUNITY,v322abl_OPPORTUNITY_tPatchGNN_ramstpatch_safe_gate_e3_s5302,5302,done,safe_gate
0.5799345970153809,0.18837611744132238,0.7160739898681641,0.8480268896599417,0.5810291171073914,0.7221984267234802,/root/autodl-tmp/APN/storage/results_BigData2026_v322_public_baselines_e4,OPPORTUNITY,v322abl_OPPORTUNITY_tPatchGNN_ramstpatch_safe_gate_e3_s5303,5303,done,safe_gate
0.46312999725341797,0.869025493587611,0.7539966106414795,0.3656629955444028,0.4671899974346161,0.7567638158798218,/root/autodl-tmp/APN/storage/results_BigData2026_v322_public_baselines_e4,PAMAP2,v322abl_PAMAP2_tPatchGNN_ramstpatch_local_e3_s5301,5301,done,local
0.46324867010116577,4.574182272717757,0.7557029128074646,1.2407426275187579,0.4854542315006256,0.7651970386505127,/root/autodl-tmp/APN/storage/results_BigData2026_v322_public_baselines_e4,PAMAP2,v322abl_PAMAP2_tPatchGNN_ramstpatch_local_e3_s5302,5302,done,local
0.4601513743400574,0.19445126759835038,0.7527605295181274,0.056962317820294726,0.461047887802124,0.7531895637512207,/root/autodl-tmp/APN/storage/results_BigData2026_v322_public_baselines_e4,PAMAP2,v322abl_PAMAP2_tPatchGNN_ramstpatch_local_e3_s5303,5303,done,local
0.46247848868370056,1.0084780874562516,0.754214346408844,0.33689103753114075,0.4671899974346161,0.7567638158798218,/root/autodl-tmp/APN/storage/results_BigData2026_v322_public_baselines_e4,PAMAP2,v322abl_PAMAP2_tPatchGNN_ramstpatch_integral_e3_s5301,5301,done,integral
0.4635959267616272,4.502649955574698,0.7556079030036926,1.2531590116620537,0.4854542315006256,0.7651970386505127,/root/autodl-tmp/APN/storage/results_BigData2026_v322_public_baselines_e4,PAMAP2,v322abl_PAMAP2_tPatchGNN_ramstpatch_integral_e3_s5302,5302,done,integral
0.46011701226234436,0.20190430634380938,0.7526605129241943,0.07024139107709586,0.461047887802124,0.7531895637512207,/root/autodl-tmp/APN/storage/results_BigData2026_v322_public_baselines_e4,PAMAP2,v322abl_PAMAP2_tPatchGNN_ramstpatch_integral_e3_s5303,5303,done,integral
0.46245649456977844,1.0131858324942213,0.7537822723388672,0.3939860070460974,0.4671899974346161,0.7567638158798218,/root/autodl-tmp/APN/storage/results_BigData2026_v322_public_baselines_e4,PAMAP2,v322abl_PAMAP2_tPatchGNN_ramstpatch_mix_e3_s5301,5301,done,mix
0.4632147252559662,4.581174661082497,0.7555577158927917,1.2597177290075088,0.4854542315006256,0.7651970386505127,/root/autodl-tmp/APN/storage/results_BigData2026_v322_public_baselines_e4,PAMAP2,v322abl_PAMAP2_tPatchGNN_ramstpatch_mix_e3_s5302,5302,done,mix
0.4601510167121887,0.19452883608485994,0.7527114152908325,0.06348314997977275,0.461047887802124,0.7531895637512207,/root/autodl-tmp/APN/storage/results_BigData2026_v322_public_baselines_e4,PAMAP2,v322abl_PAMAP2_tPatchGNN_ramstpatch_mix_e3_s5303,5303,done,mix
0.4617782533168793,1.1583604416732398,0.7535112500190735,0.4297993366618385,0.4671899974346161,0.7567638158798218,/root/autodl-tmp/APN/storage/results_BigData2026_v322_public_baselines_e4,PAMAP2,v322abl_PAMAP2_tPatchGNN_ramstpatch_gate_e3_s5301,5301,done,gate
0.46184349060058594,4.863638911345908,0.753902792930603,1.4759918229464126,0.4854542315006256,0.7651970386505127,/root/autodl-tmp/APN/storage/results_BigData2026_v322_public_baselines_e4,PAMAP2,v322abl_PAMAP2_tPatchGNN_ramstpatch_gate_e3_s5302,5302,done,gate
0.45905381441116333,0.4325089526961513,0.7521173357963562,0.14235831276316782,0.461047887802124,0.7531895637512207,/root/autodl-tmp/APN/storage/results_BigData2026_v322_public_baselines_e4,PAMAP2,v322abl_PAMAP2_tPatchGNN_ramstpatch_gate_e3_s5303,5303,done,gate
0.4618605375289917,1.1407478616599138,0.7535990476608276,0.41819761365238467,0.4671899974346161,0.7567638158798218,/root/autodl-tmp/APN/storage/results_BigData2026_v322_public_baselines_e4,PAMAP2,v322abl_PAMAP2_tPatchGNN_ramstpatch_safe_gate_e3_s5301,5301,done,safe_gate
0.46167272329330444,4.898815720239637,0.7542335987091064,1.432760372510219,0.4854542315006256,0.7651970386505127,/root/autodl-tmp/APN/storage/results_BigData2026_v322_public_baselines_e4,PAMAP2,v322abl_PAMAP2_tPatchGNN_ramstpatch_safe_gate_e3_s5302,5302,done,safe_gate
0.45902153849601746,0.43950950860363797,0.7521848678588867,0.13339216854388553,0.461047887802124,0.7531895637512207,/root/autodl-tmp/APN/storage/results_BigData2026_v322_public_baselines_e4,PAMAP2,v322abl_PAMAP2_tPatchGNN_ramstpatch_safe_gate_e3_s5303,5303,done,safe_gate
